authors,year,title,publication,links
Oberauer K & Awh E,2022,Is There an Activity-silent Working Memory?,<i>Journal of Cognitive Neuroscience</i>,[Link](https://doi.org/10.1162/jocn_a_01917)
Zhao C & Vogel E,2022,Visual long-term memory guides attentional selection during serial reaction time task,<i>Journal of Vision</i>,[Link](https://doi.org/10.1167/jov.22.14.3226)
"Sutterer DW, Coia AJ, Sun VC, Shevell S & Awh E",2021,Decoding chromaticity and luminance from patterns of EEG activity,<i>Psychophysiology</i>,[Link](https://doi.org/10.1111/psyp.13779)
"Vo VA, Sutterer DW, Foster JJ, Sprague TC, Awh E & Serences J",2021,Shared Representational Formats for Information Maintained in Working Memory and Information Retrieved from Long-Term Memory.,<i>Cerebral Cortex</i>,[Link](https://doi.org/10.1093/cercor/bhab267)
"Feldmann-Wüstefeld T, Weinberger M & Awh E",2020,Spatially Guided Distractor Suppression during Visual Search,<i>Journal of Neuroscience</i>,[Link](https://doi.org/10.1101/2020.07.25.220947)
"Ngiam W, Adam KCS, Quirk C, Vogel E & Awh E",2020,Estimating the statistical power to detect set-size effects in contralateral delay activity,<i>Psychophysiology</i>,[Link](https://doi.org/10.31234/osf.io/nbvkc)
"Hakim N, Vogel E & Awh E",2020,Neural dynamics of interrupting sustained spatial attention,,[Link](https://doi.org/10.1167/jov.20.11.438)
"Thyer W, Adam KCS, Vogel E & Awh E",2020,Multivariate EEG evidence for feature-independent storage in visual working memory,,[Link](https://doi.org/10.1167/jov.20.11.1255) \| [PDF](/files/pdfs/foster_thyer_wennberg_awh_2020.pdf)
"Hakim N, Awh E & Vogel E",2020,Manifold Visual Working Memory,,[Link](https://doi.org/10.1093/oso/9780198842286.003.0011)
"deBettencourt M, Vogel E & Awh E",2020,Distinct temporal dynamics of sustained and spatial attention,,[Link](https://doi.org/10.1167/jov.20.11.830)
"Diaz GK, Vogel E & Awh E",2020,Examining encoding biases in visual working memory using alpha band activity,,[Link](https://doi.org/10.1167/jov.20.11.1248)
"Ngiam W, Loetscher KB, Vogel E & Awh E",2020,Object-based memories revealed by whole-report for dual-feature stimuli,,[Link](https://doi.org/10.1167/jov.20.11.1546)
"Munneke J, Fahrenfort JJ, Sutterer DW, Theeuwes J & Awh E",2020,Multivariate analysis of EEG activity indexes contingent attentional capture,<i>NeuroImage</i>,[Link](https://doi.org/10.1016/j.neuroimage.2020.117562)
"Adam KCS, Doss MK, Pabon E, Vogel E & Wit Hd",2020,Δ9-Tetrahydrocannabinol (THC) impairs visual working memory performance: a randomized crossover trial,<i>Neuropsychopharmacology</i>,[Link](https://doi.org/10.1038/s41386-020-0690-3) \| [PDF](/files/pdfs/Adams2020.pdf)
"Lucero C, Brookshire G, Sava-Segal C, Bottini R, Goldin‐Meadow S, Vogel E & Casasanto D",2020,Unconscious Number Discrimination in the Human Visual System.,<i>Cerebral Cortex</i>,[Link](https://doi.org/10.1093/cercor/bhaa155)
"Adam KCS, Awh E & Vogel E",2019,Classification of load in visual working memory using single-trial EEG data,<i>Journal of Vision</i>,[Link](https://doi.org/10.1167/19.10.247a)
"Hakim N, Feldmann-Wüstefeld T, Awh E & Vogel E",2019,The influence of task-relevant vs. task-irrelevant interruption on dissociable sub-component processes of the focus of attention,<i>Journal of Vision</i>,[Link](https://doi.org/10.1167/19.10.90c)
"Ngiam W, Awh E & Holcombe A",2019,Examining the effects of memory compression with the contralateral delay activity,<i>Journal of Vision</i>,[Link](https://doi.org/10.1167/19.10.204a)
Foster JJ & Awh E,2019,Characterizing the influence of spatial attention on stimulus-evoked cortical representations,<i>Journal of Vision</i>,[Link](https://doi.org/10.1167/19.10.99c)
"Feldmann-Wüstefeld T, Vogel E & Awh E",2019,"Contralateral delay activity indexes the number of items stored in working memory, not the current focus of spatial attention",<i>Journal of Vision</i>,[Link](https://doi.org/10.1167/19.10.203c)
"Martin J, Tsukahara JS, Draheim C, Shipstead Z, Mashburn CA, Vogel E & Engle R",2019,The visual arrays task…visual storage capacity or attention control?,,[Link](https://doi.org/10.31234/osf.io/u92cm)
"Quirk C, Chen A & Vogel E",2019,Spatial biases in visual working memory encoding persist despite controlled gaze position,<i>Journal of Vision</i>,[Link](https://doi.org/10.1167/19.10.40b)
"Kardan O, Adam KCS, Mance I, Churchill N, Vogel E & Berman M",2019,Distinguishing cognitive effort and working memory load using scale-invariance and alpha suppression in EEG,<i>NeuroImage</i>,[Link](https://doi.org/10.31234/osf.io/7q4m8)
Sutterer DW & Awh E,2018,Evidence for concurrent activation of sequentially encoded spatial locations,<i>Journal of Vision</i>,[Link](https://doi.org/10.1167/18.10.109)
"Hakim N, Feldmann-Wüstefeld T, Awh E & Vogel E",2018,Distinct Attention and Working Memory Mechanisms Protect Internal Representations from Interruption,<i>Journal of Vision</i>,[Link](https://doi.org/10.1167/18.10.674) \| [PDF](/files/pdfs/hakim_2018_phase-coding.pdf)
Feldmann-Wüstefeld T & Awh E,2018,Theta-band oscillations track the time course of attentional suppression,<i>Journal of Vision</i>,[Link](https://doi.org/10.1167/18.10.1221)
"Oberauer K, Lewandowsky S, Awh E, Brown GDA, Conway ARA, Cowan N, Donkin C, Farrell S, Hitch G, Hurlstone MJ, Ma W, Morey C, Nee D, Schweppe J, Vergauwe E & Ward G",2018,Benchmarks for models of short-term and working memory.,<i>Psychological bulletin</i>,[Link](https://doi.org/10.1037/bul0000153)
"Feldmann-Wüstefeld T, Vogel E & Awh E",2018,"Contralateral Delay Activity Indexes Working Memory Storage, Not the Current Focus of Spatial Attention",<i>Journal of Cognitive Neuroscience</i>,[Link](https://doi.org/10.1162/jocn_a_01271)
"Foster JJ, Bsales EM & Awh E",2018,The N2pc does not reflect a shift of covert spatial attention,<i>Journal of Vision</i>,[Link](https://doi.org/10.1167/18.10.1220)
"Oberauer K, Lewandowsky S, Awh E, Brown GDA, Conway ARA, Cowan N, Donkin C, Farrell S, Hitch G, Hurlstone MJ, Ma W, Morey C, Nee D, Schweppe J, Vergauwe E & Ward G",2018,Benchmarks provide common ground for model development: Reply to Logie (2018) and Vandierendonck (2018).,<i>Psychological bulletin</i>,[Link](https://doi.org/10.1037/bul0000165)
"Diaz GK, Vogel E & Awh E",2018,Examining distinct neural signals that track the contents of working memory,<i>Journal of Vision</i>,[Link](https://doi.org/10.1167/18.10.110)
"Adam KCS, Vogel E & Awh E",2018,Decoding the limits of simultaneous storage in working memory,<i>Journal of Vision</i>,[Link](https://doi.org/10.1167/18.10.366)
"Quirk C, Adam KCS & Vogel E",2018,Preexisting spatial biases influence the encoding of information into visual working memory,<i>Journal of Vision</i>,[Link](https://doi.org/10.1167/18.10.882)
Adam KCS & Vogel E,2018,Improvements to visual working memory performance with practice and feedback,<i>PLoS ONE</i>,[Link](https://doi.org/10.1371/journal.pone.0203279)
"Gunseli E, Foster JJ, Sutterer DW, Vogel E & Awh E",2017,Alpha-Band Activity Tracks Updates to the Content of Spatial Working Memory,,[Link](https://doi.org/10.1167/17.10.337)
"Adam KCS, Foster JJ, Sutterer DW, Vogel E & Awh E",2017,Topography of alpha-band power tracks improvement in working memory precision with repeated encoding,,[Link](https://doi.org/10.1167/17.10.333)
"Foster JJ, Bsales EM & Awh E",2017,Alpha-band activity reveals robust representations of spatial position during the storage of non-spatial features in working memory,,[Link](https://doi.org/10.1167/17.10.335)
"Sutterer DW, Foster JJ, Adam KCS, Vogel E & Awh E",2017,Spatial selectivity of alpha band activity declines with increasing visual working memory load,,[Link](https://doi.org/10.1167/17.10.332)
"Vo VA, Sutterer DW, Foster JJ, Sprague TC, Serences J & Awh E",2017,Neural representations of spatial position recalled from long-term and short-term memory diverge across the cortical hierarchy,,[Link](https://doi.org/10.1167/17.10.1115)
Ngiam W & Awh E,2017,Memory compression using statistical regularities requires explicit awareness,,[Link](https://doi.org/10.1167/17.10.855)
Scolari M & Awh E,2017,Object-based biased competition (Scolari & Awh),,[Link](https://www.semanticscholar.org/paper/bcfe4d6f0790288cfbed5eb51fc4651961af8b98)
"Hakim N, Adam KCS, Gunseli E & Vogel E",2017,Sustained spatial attention is not sufficient to elicit the Contralateral Delay Activity,,[Link](https://doi.org/10.1167/17.10.862)
Feldmann-Wüstefeld T & Vogel E,2017,Suppression of irrelevant information from working memory is reflected in the PD and CDAp components of the EEG,,[Link](https://doi.org/10.1167/17.10.338)
"Tsubomi H, Fukuda K & Vogel E",2017,Protection against interference limits visual capacity to three items independent of retention interval,,[Link](https://doi.org/10.1167/17.10.851)
"Ester EF, Sutterer DW, Serences J & Awh E",2016,Feature-Selective Attentional Modulations in Human Frontoparietal Cortex,<i>Journal of Neuroscience</i>,[Link](https://doi.org/10.1523/JNEUROSCI.3935-15.2016) \| [PDF](/files/pdfs/ester_2016_feature_selective.pdf)
"Ester EF, Sutterer DW, Awh E & Serences J",2016,Visual attention modulates feature-specific representations in human frontoparietal cortex.,,[Link](https://doi.org/10.1167/16.12.606) \| [PDF](/files/pdfs/ester_2016_feature_selective.pdf)
"Fahrenfort JJ, Leeuwen JV, Foster JJ, Awh E & Olivers C",2016,Alpha-band and raw EEG reflect distinct maintenance mechanisms during working memory,,[Link](https://doi.org/10.1167/16.12.711)
Adam KCS & Vogel E,2016,Working memory capacity predicts the efficiency of transfer into long-term memory,,[Link](https://doi.org/10.1167/16.12.1051)
"Tsubomi H, Fukuda K, Kikumoto A & Vogel E",2016,Electrophysiology reveals different mechanisms of attentional filtering during visual working memory encoding and retention,,[Link](https://doi.org/10.1167/16.12.362)
"Foster JJ, Anderson DE, Serences J, Vogel E & Awh E",2015,EEG alpha rhythms track the deployment of spatial attention.,<i>Journal of Vision</i>,[Link](https://doi.org/10.1167/15.12.17)
"Sutterer DW, Anderson DE, Serences J, Vogel E & Awh E",2015,Theta Oscillations Track the Content of Representations Retrieved from Long Term Memory.,<i>Journal of Vision</i>,[Link](https://doi.org/10.1167/15.12.1113)
Adam KCS & Vogel E,2015,Trial feedback and incentive structures decrease failures of working memory.,<i>Journal of Vision</i>,[Link](https://doi.org/10.1167/15.12.663) \| [PDF](/files/pdfs/adam_2015_contribution-attn-lapses.pdf)
"Tsubomi H, Fukuda K, Kikumoto A & Vogel E",2015,Forgetting no-longer necessary items from visual working memory,,[Link](https://doi.org/10.4992/pacjpa.79.0_3am-069)
Dungan B & Vogel E,2015,Short-Term Memory,,[Link](https://doi.org/10.1016/B978-0-12-397025-1.00273-6)
"Anderson DE, Serences J, Vogel E & Awh E",2014,Induced alpha rhythms reveal the content and quality of visual working memory representations with high temporal precision,,[Link](https://doi.org/10.1167/14.10.894)
"Anderson DE, Ester EF, Klee D, Vogel E & Awh E",2014,Electrophysiological Evidence for Failures of Item Individuation in Crowded Visual Displays,<i>Journal of Cognitive Neuroscience</i>,[Link](https://doi.org/10.1162/jocn_a_00649)
Sutterer DW & Awh E,2014,Testing enhances the probability but not the precision of memory recall,,[Link](https://doi.org/10.1167/14.10.1374)
"Anderson DE, Serences J, Vogel E & Awh E",2014,Induced Alpha Rhythms Track the Content and Quality of Visual Working Memory Representations with High Temporal Precision,<i>Journal of Neuroscience</i>,[Link](https://doi.org/10.1523/JNEUROSCI.0293-14.2014)
"Anderson DE, Vogel E & Awh E",2014,A Neural Measure of Item Individuation,,[Link](https://doi.org/10.1016/B978-0-12-398451-7.00018-X)
"Tsubomi H, Fukuda K, Watanabe K & Vogel E",2014,Electrophysiological measures reveal similar capacity limits for both present and absent information,,[Link](https://doi.org/10.1016/J.IJPSYCHO.2014.08.818)
"Drew T, Mance I, Horowitz T, Wolfe J & Vogel E",2014,Report A Soft Handoff of Attention between Cerebral Hemispheres,,[Link](https://www.semanticscholar.org/paper/41a8689492bf42a33e2100e2bb97e6dcac471e3b) \| [PDF](/files/pdfs/drew_2014_soft-handoff.pdf)
Dungan B & Vogel E,2014,An Attention-centered neural marker for shifts in eye position,,[Link](https://doi.org/10.1167/14.10.642)
"Adam KCS, Mance I, Fukuda K & Vogel E",2014,Trial-by-trial fluctuations in working memory performance predict individual differences in working memory capacity,,[Link](https://doi.org/10.1167/14.10.41)
"Mance I, Adam KCS, Fukuda K & Vogel E",2014,The contribution of attentional lapses to estimates of individual differences in working memory capacity.,,[Link](https://doi.org/10.1167/14.10.40)
"Burg EVd, Awh E & Olivers C",2013,The Capacity of Audiovisual Integration Is Limited to One Item,<i>Psychology Science</i>,[Link](https://doi.org/10.1177/0956797612452865)
"Sutterer DW, Anderson DE & Awh E",2013,Perceptual Precision Predicts Visual Working Memory Precision,,[Link](https://doi.org/10.1167/13.9.1360)
"Anderson DE, Vogel E & Awh E",2013,A Common Discrete Resource for Visual Working Memory and Visual Search,,[Link](https://www.semanticscholar.org/paper/bc64e0da67ce1a25f79d4d039901d4d5e016020f)
"Anderson DE, Ester EF, Serences J & Awh E",2013,Attending multiple items decreases the selectivity of population responses in human primary visual cortex,<i>Journal of Neuroscience</i>,[Link](https://doi.org/10.1523/JNEUROSCI.0239-13.2013)
"Anderson DE, Vogel E & Awh E",2013,Interhemispheric synchrony in occipital cortex predicts mnemonic precision in working memory,,[Link](https://doi.org/10.1167/13.9.16)
"Ester EF, Klee D & Awh E",2013,Visual crowding cannot be wholly explained by feature pooling,<i>Journal of Experimental Psychology: Human Perception and Performance</i>,[Link](https://doi.org/10.1037/a0035377)
"Ester EF, Fukuda K, May LM, Vogel E & Awh E",2013,Evidence for a fixed capacity limit in attending multiple locations,"<i>Cognitive, Affective, & Behavioral Neuroscience</i>",[Link](https://doi.org/10.3758/s13415-013-0222-2)
"Adam KCS, Mance I, Awh E & Vogel E",2013,Whole-report procedures reveal bimodal distribution of visual memory precision within a single array.,,[Link](https://doi.org/10.1167/13.9.1362)
"LeCompte M, Batchelor D, Demitroff M, Vogel E, Mooney C, Rock B & Seidel AW",2013,Reply to Boslough: Prior studies validating research are ignored,<i>Proceedings of the National Academy of Sciences of the United States of America</i>,[Link](https://doi.org/10.1073/pnas.1300425110)
"Mance I, Fukuda K & Vogel E",2013,Decoding trial by trial variations in VWM performance from oscillatory activity during maintenance.,,[Link](https://doi.org/10.1167/13.9.18) \| [PDF](/files/pdfs/mance_2013_vwm.pdf)
Mance I & Vogel E,2013,Visual working memory.,<i>Wiley Interdisciplinary Reviews: Cognitive Science</i>,[Link](https://doi.org/10.1002/wcs.1219) \| [PDF](/files/pdfs/mance_2013_vwm.pdf)
"Tsubomi H, Fukuda K, Kikumoto A & Vogel E",2013,Forget all or hold all: Difficulty in selectively dropping items from visual working memory.,,[Link](https://doi.org/10.1167/13.9.326) \| [PDF](/files/pdfs/tsubomi_2013_neural-limits.pdf)
"Dungan B, Kikumoto A & Vogel E",2013,Hemispheric remapping in VWM across changes in attention and eye position,,[Link](https://doi.org/10.1167/13.9.17)
Luck S & Vogel E,2013,Visual Working Memory Capacity: From Psychophysics and Neurobiology to Individual Differences,<i>Trends in Cognitive Sciences</i>,[Link](https://doi.org/10.1016/j.tics.2013.06.006) \| [PDF](/files/pdfs/luck_2013_vwm-capacity.pdf)
"Anderson DE, Vogel E & Awh E",2012,Working memory is integral to visual search,,[Link](https://doi.org/10.1167/12.9.708)
"Anderson DE, Bell TA & Awh E",2012,Polymorphisms in the 5-HTTLPR Gene Mediate Storage Capacity of Visual Working Memory,<i>Journal of Cognitive Neuroscience</i>,[Link](https://doi.org/10.1162/jocn_a_00207)
"Anderson DE, Vogel E & Awh E",2012,Journal of Experimental Psychology : Human Perception and Performance Selection and Storage of Perceptual Groups Is Constrained by a Discrete Resource in Working Memory,,[Link](https://www.semanticscholar.org/paper/dd3e89c8b25c591d2055c5307a676a3489970248)
Mance I & Vogel E,2012,Temporal Dynamics of Shifting Visual Attention Between Cerebral Hemispheres,,[Link](https://doi.org/10.1167/12.9.541)
"Mayer JS, Fukuda K, Vogel E & Park S",2012,Impaired Contingent Attentional Capture Predicts Reduced Working Memory Capacity in Schizophrenia,<i>PLoS ONE</i>,[Link](https://doi.org/10.1371/journal.pone.0048586) \| [PDF](/files/pdfs/mayer_2012_impaired-contingent-attn.pdf)
Luria R & Vogel E,2012,Neural signature for the temporal dynamics of online visual object binding.,,[Link](https://doi.org/10.1167/12.9.1274)
"Tsubomi H, Fukuda K & Vogel E",2012,Retro-cue improves visual working memory performance without changing the number of items being maintained,,[Link](https://doi.org/10.1167/12.9.349)
Dungan B & Vogel E,2012,Stable Visual Working Memory Representations Across Changes in Eye Position,,[Link](https://doi.org/10.1167/12.9.173)
Fukuda K & Vogel E,2012,"Oscillatory mechanism underlying the VSTM capacity limit: In mind, out of phase",,[Link](https://doi.org/10.1167/12.9.346)
"Drew T, Horowitz T & Vogel E",2012,Swapping or Dropping? Electrophysiological measures of difficulty during multiple object tracking,<i>Cognition</i>,[Link](https://doi.org/10.1016/j.cognition.2012.10.003) \| [PDF](/files/pdfs/drew_2012_dynamic-changes.pdf)
"Anderson DE, Vogel E & Awh E",2011,Precision in Visual Working Memory Reaches a Stable Plateau When Individual Item Limits Are Exceeded,<i>Journal of Neuroscience</i>,[Link](https://doi.org/10.1523/JNEUROSCI.4125-10.2011)
Anderson DE & Awh E,2011,Perceptual grouping enables multiple items to be stored within a single slot in visual working memory,,[Link](https://doi.org/10.1167/11.11.1246)
"Ester EF, Klee D & Awh E",2011,No evidence for compulsory integration in visual crowding,,[Link](https://doi.org/10.1167/11.11.1139)
McCollough A & Vogel E,2011,Electrophysiological Measures of Visual Grouping on Working Memory Representations,,[Link](https://doi.org/10.1167/11.11.1277)
Fukuda K & Vogel E,2011,Visual short term memory also gates long term memory without explicit retrieval,,[Link](https://doi.org/10.1167/11.11.1275) \| [PDF](/files/pdfs/fukuda_2011_individual-differences.pdf)
"Jost K, Bryck RL, Vogel E & Mayr U",2011,Are old adults just like low working memory young adults? Filtering efficiency and age differences in visual working memory.,<i>Cerebral Cortex</i>,[Link](https://doi.org/10.1093/cercor/bhq185)
"Spronk M, Vogel E & Jonkman L",2011,Are visuospatial working memory deficits in adolescents related to reduced storage capacity and/or impaired filtering efficiency?,,[Link](https://www.semanticscholar.org/paper/481f6cbda7f70406ace0921aa6dba1f0a25ec87c)
Perez V & Vogel E,2011,What ERPs Can Tell Us about Working Memory,,[Link](https://doi.org/10.1093/OXFORDHB/9780195374148.013.0180) \| [PDF](/files/pdfs/perez_2011_ERPSs-vwm.pdf)
"Tsubomi H, Fukuda K & Vogel E",2011,Neural measures reveal similar capacity limits for both present and absent information,,[Link](https://doi.org/10.1167/11.11.1260)
"Spronk M, Vogel E & Jonkman L",2011,The role of filtering efficiency in working memory capacity in adolescents with and without attention-deficit / hyperactivity disorder,,[Link](https://www.semanticscholar.org/paper/db69faddcae64f064695773983444d26ad718ab1)
Umemoto A & Awh E,2010,Feature-based versus Object-based forgetting in Visual Working Memory,,[Link](https://doi.org/10.1167/10.7.765)
"Ester EF, Fukuda K, Vogel E & Awh E",2010,Evidence For a Fixed Capacity Limit in Visual Selection,,[Link](https://doi.org/10.1167/10.7.737)
"Umemoto A, Scolari M, Vogel E & Awh E",2010,Implicit knowledge biases encoding into visual working memory,,[Link](https://doi.org/10.1167/8.6.209)
"Perez V, Awh E & Vogel E",2010,Object complexity does not reduce the number of representations that can be maintained in visual working memory,,[Link](https://doi.org/10.1167/7.9.852)
"Umemoto A, Drew T, Ester EF & Awh E",2010,A bilateral advantage for resolution in visual working memory,,[Link](https://doi.org/10.1167/9.8.592) \| [PDF](/files/pdfs/umemoto_2010_bilateral-advantage.pdf)
"Ester EF, Serences J & Awh E",2010,Global mechanisms of sensory recruitment during working memory maintenance,,[Link](https://doi.org/10.1167/9.8.597)
Anderson DE & Awh E,2010,Variations in mnemonic resolution across set sizes support discrete resource models of capacity in working memory,,[Link](https://doi.org/10.1167/10.7.731)
Barton B & Awh E,2010,Interactions between number and resolution in visual working memory,,[Link](https://doi.org/10.1167/7.9.849)
"Awh E, Mayr U & Kohnen A",2010,Top-down control over unconscious response priming through stimuulus-specific gating,,[Link](https://doi.org/10.1167/5.8.637)
"Mednick S, Serences J, Boynton G & Awh E",2010,Sleep-dependent perceptual learning with and without distractors,,[Link](https://doi.org/10.1167/6.6.164)
"Ester EF, Awh E, Vogel E & Serences J",2010,Attention does not automatically spread to all features of an object,,[Link](https://doi.org/10.1167/8.6.554)
"Awh E, Matsukura M & Serences J",2010,Top-down modulation of biased competition during covert spatial orienting,,[Link](https://doi.org/10.1167/2.7.15)
Awh E & Dhaliwal H,2010,Interference during the attentional blink is feature-based rather than object-based,,[Link](https://doi.org/10.1167/6.6.1021)
Fukuda K & Vogel E,2010,Individual difference in “release time” from attentional capture,,[Link](https://doi.org/10.1167/9.8.110)
"Luck S, Woodman GF, Schmidt B, Vogel E & Vecera S",2010,The effects of attentional capture on visual working memory,,[Link](https://doi.org/10.1167/2.7.272)
Fukuda K & Vogel E,2010,Individual differences in resistance to attentional capture,,[Link](https://doi.org/10.1167/8.6.1117)
"McCollough A, Dungan B & Vogel E",2010,Proximity Grouping in Visual Working Memory,,[Link](https://doi.org/10.1167/10.7.735)
Drew T & Vogel E,2010,An electrophysiological measure of multiple object tracking,,[Link](https://doi.org/10.1167/6.6.771)
Fukuda K & Vogel E,2010,Visual short term memory serves as a gateway to long term memory,,[Link](https://doi.org/10.1167/10.7.730)
"Vogel E, McCollough A, Drew T & Horowitz T",2010,Probing the distribution of attention to targets and distractors in multiple object tracking,,[Link](https://doi.org/10.1167/10.7.245)
"Hyun J, Woodman GF, Vogel E, Niese A & Luck S",2010,How are visual inputs compared with memory representations in the change-detection paradigm?,,[Link](https://doi.org/10.1167/3.9.322)
Luria R & Vogel E,2010,Filtering Efficiency in Visual Working Memory,<i>Journal of Vision</i>,[Link](https://doi.org/10.1167/10.7.318)
Perez V & Vogel E,2010,Relating visual working memory capacity and visual attention in schizophrenia-spectrum individuals,,[Link](https://doi.org/10.1167/8.6.1172)
"Lester BD, Drew T & Vogel E",2010,Electrophysiological evidence of interhemispheric resource recruitment during visual working memory,,[Link](https://doi.org/10.1167/10.7.708)
Woodman GF & Vogel E,2010,Visual working memory consolidation is not slowed by concurrent maintenance,,[Link](https://doi.org/10.1167/5.8.617)
"Ashby NJS, Fukuda K & Vogel E",2010,Estimating visual working memory capacity with whole and single probe test arrays,,[Link](https://doi.org/10.1167/9.8.590)
McCollough A & Vogel E,2010,Control processes in working memory,,[Link](https://doi.org/10.1167/6.6.32)
"Vogel E, Woodman GF & Luck S",2010,The rapid time-course of visual working memory consolidation,,[Link](https://doi.org/10.1167/2.7.270)
"McCollough A, Drew T & Vogel E",2010,Perceptual grouping during multiple object tracking,,[Link](https://doi.org/10.1167/9.8.920)
Fukuda K & Vogel E,2010,Attentional filtering efficiency and individual differences in VSTM capacity,,[Link](https://doi.org/10.1167/7.9.684) \| [PDF](/files/pdfs/fukuda_2010_discrete-capacity.pdf)
"Drew T, Horowitz T, Wolfe J & Vogel E",2010,Neural measures of interhemispheric information transfer during attentive tracking,,[Link](https://doi.org/10.1167/10.7.302)
"Vogel E, Ikkai A & Perez V",2010,Do perceptually challenging objects consume more working memory capacity,,[Link](https://doi.org/10.1167/6.6.34)
"McCollough A, Drew T, Horowitz T & Vogel E",2010,Probing the allocation of attention during multiple object tracking with ERPs,,[Link](https://doi.org/10.1167/8.6.222)
"Drew T, Horowitz T, Wolfe J & Vogel E",2010,Online measurement of dynamic changes in tracking load,,[Link](https://doi.org/10.1167/8.6.499)
"Drew T, Horowitz T, Wolfe J & Vogel E",2010,Neural measures of maintaining and updating object information,,[Link](https://doi.org/10.1167/9.8.172)
"Luck S, Vogel E, Woodman GF & Hyun J",2010,Toward an embedded process metatheory of selective attention,,[Link](https://doi.org/10.1167/3.9.40)
McCollough A & Vogel E,2010,Visual chunking allows efficient allocation of memory capacity,,[Link](https://doi.org/10.1167/7.9.861)
Vogel E & Luck S,2010,Quartering the spotlight: Spatial properties of selective storage in visual working memory,,[Link](https://doi.org/10.1167/1.3.9)
Vogel E & Fukuda K,2009,In mind and out of phase,<i>Proceedings of the National Academy of Sciences of the United States of America</i>,[Link](https://doi.org/10.1073/pnas.0912084107)
Mayr U & Awh E,2008,The elusive link between conflict and conflict adaptation,<i>Psychological Research</i>,[Link](https://doi.org/10.1007/s00426-008-0191-1)
Woodman GF & Vogel E,2008,Selective storage and maintenance of an object’s features in visual working memory,<i>Psychonomic Bulletin & Review</i>,[Link](https://doi.org/10.3758/PBR.15.1.223)
McCollough A & Vogel E,2008,Your Inner Spam Filter,,[Link](https://doi.org/10.1038/SCIENTIFICAMERICANMIND0608-74)
Ester EF & Awh E,2007,The locus of processing interference produced by salient visual distractors,,[Link](https://doi.org/10.1167/7.9.435)
"Drew T, Horowitz T & Vogel E",2007,Neural evidence for persistent representation of tracked objects during occlusion,,[Link](https://doi.org/10.1167/7.9.578)
"Mayr U, Awh E, Keele S & Schmidt JP",2006,A Tribute to Michael Posner Deserving of a Wide Readership,,[Link](https://doi.org/10.1037/05165821)
"Drew T, McCollough A & Vogel E",2006,Event-Related Potential Measures of Visual Working Memory,<i>Clinical EEG and Neuroscience</i>,[Link](https://doi.org/10.1177/155005940603700405) \| [PDF](/files/pdfs/drew_2006_ERP-vwm.pdf)
"Mayr U, Awh E & Keele S",2005,Developing individuality in the human brain : a tribute to Michael I. Posner,,[Link](https://doi.org/10.1037/11108-000)
"Vogel E, McCollough A & Machizawa MG",2005,Neural measures reveal individual differences in controlling access to working memory,<i>Nature</i>,[Link](https://doi.org/10.1038/nature04171) \| [PDF](/files/pdfs/vogel_2005_neural-measures-indv-differences.pdf)
Woodman GF & Vogel E,2005,Fractionating Working Memory,<i>Psychology Science</i>,[Link](https://doi.org/10.1111/j.0956-7976.2005.00790.x) \| [PDF](/files/pdfs/woodman_2005_fractionating-wm.pdf)
"Vogel E, McCollough A, Fair JA & Woodman GF",2005,Maintaining visual short-term memory representations across new object onsets,,[Link](https://doi.org/10.1167/5.8.1066)
Drew T & Vogel E,2005,Repeated masks are less effective,,[Link](https://doi.org/10.1167/5.8.75)
Vogel E & Machizawa MG,2004,Capacity limit of visual short-term memory in human posterior parietal cortex,,[Link](https://www.semanticscholar.org/paper/d4881bcd8c3cb47dceb21928ecbf9d1b4afe652a) \| [PDF](/files/pdfs/vogel_2004_neural-activty-indv-differences.pdf)
"Mayr U, Awh E & Laurey P",2003,Conflict adaptation effects in the absence of executive control,<i>Nature Neuroscience</i>,[Link](https://doi.org/10.1038/nn1051) \| [PDF](/files/pdfs/mayr_2003_conflict-adaptation.pdf)
"Awh E, Matsukura M & Serences J",2003,Top-down control over biased competition during covert spatial orienting.,<i>Journal of Experimental Psychology: Human Perception and Performance</i>,[Link](https://doi.org/10.1037//0096-1523.29.1.52) \| [PDF](/files/pdfs/awh_2003_top-down-biased-competition.pdf)
"Schmidt B, Vogel E, Woodman GF & Luck S",2002,Voluntazy and automatic attentional control of visual working memory.,<i>Perception & Psychophysics</i>,[Link](https://www.semanticscholar.org/paper/444fd450f873ebb35bb9c409eb51a1fc9a2c5b34) \| [PDF](/files/pdfs/schmidt_2002_voluntary-automatic-attn-control.pdf)
"Vecera S, Vogel E & Woodman GF",2002,Lower region: a new cue for figure-ground assignment.,<i>Journal of experimental psychology. General</i>,[Link](https://doi.org/10.1037/0096-3445.131.2.194) \| [PDF](/files/pdfs/vecera_2002_lower-region-new-cue.pdf)
"Schmidt B, Vogel E, Woodman GF & Luck S",2002,Voluntary and automatic attentional control of visual working memory,,[Link](https://doi.org/10.3758/BF03194742) \| [PDF](/files/pdfs/schmidt_2002_voluntary-automatic-attn-control.pdf)
Awh E & Jonides J,2001,Overlapping mechanisms of attention and spatial working memory.,<i>Trends in Cognitive Sciences</i>,[Link](https://doi.org/10.1016/S1364-6613(00)01593-X) \| [PDF](/files/pdfs/awh_2001_overlapping-mechanisms.pdf)
"Woodman GF, Vogel E & Luck S",2001,Attention is not unitary,<i>Behavioral and Brain Sciences</i>,[Link](https://doi.org/10.1017/S0140525X01603923) \| [PDF](/files/pdfs/woodman_2001_visual-search-efficient.pdf)
Luck S & Vogel E,2001,Multiple sources of interference in dual-task performance: the cases of the attentional blink and the psychological refractory period,,[Link](https://doi.org/10.1093/ACPROF:OSO/9780198505150.003.0007)
"Drew T, Horowitz T, Wolfe J & Vogel E",2000,Temporal dynamics of interhemispheric transfer of moving object information,,[Link](https://www.semanticscholar.org/paper/8064964877216b5822f1c5c5d55186d44e6014f8)
Awh E & Gehring W,1999,The anterior cingulate cortex lends a hand in response selection,<i>Nature Neuroscience</i>,[Link](https://doi.org/10.1038/13145) \| [PDF](/files/pdfs/awh_1999_anterior-cingulate-cortex.pdf)
Awh E & Jonides J,1998,Spatial working memory and spatial selective attention.,,[Link](https://www.semanticscholar.org/paper/73a7ce6a09c64cc091e24c0a91d8bd362ad6df43)
"Awh E, Jonides J & Reuter-Lorenz P",1998,Rehearsal in spatial working memory.,<i>Journal of Experimental Psychology: Human Perception and Performance</i>,[Link](https://doi.org/10.1037//0096-1523.24.3.780)
"Vogel EK, Luck SJ & Shapiro K",1998,Electrophysiological evidence for a postperceptual locus of suppression during the attentional blink.,<i>Journal of Experimental Psychology: Human Perception and Performance</i>,[Link](https://doi.org/10.1037/0096-1523.24.6.1656) \| [PDF](/files/pdfs/vogel_1998_electrophysiological-evidence-postperceptual-locus.pdf)
"Jonides J, Schumacher E, Smith EE, Lauber E, Awh E, Minoshima S & Koeppe R",1997,Verbal Working Memory Load Affects Regional Brain Activation as Measured by PET,<i>Journal of Cognitive Neuroscience</i>,[Link](https://doi.org/10.1162/jocn.1997.9.4.462)
"Awh E, Jonides J, Smith EE, Schumacher E, Koeppe R & Katz S",1996,Dissociation of Storage and Rehearsal in Verbal Working Memory: Evidence From Positron Emission Tomography,,[Link](https://doi.org/10.1111/J.1467-9280.1996.TB00662.X) \| [PDF](/files/pdfs/awh_1996_dissociation-storage-rehearsal.pdf)
Awh E,1996,Attention-based rehearsal in spatial working memory.,,[Link](https://www.semanticscholar.org/paper/4f7285376aeb8b56a5340ba59bfb4241b4b9d038) \| [PDF](/files/pdfs/awh_1996_dissociation-storage-rehearsal.pdf)
"Smith EE, Jonides J, Koeppe R, Awh E, Schumacher E & Minoshima S",1995,Spatial versus Object Working Memory: PET Investigations,<i>Journal of Cognitive Neuroscience</i>,[Link](https://doi.org/10.1162/jocn.1995.7.3.337)
"Koevoet D, Moorselaar DV, Awh E & Stigchel SVd",2026,Past and present goals are represented concurrently during visual search,<i>PLoS Biology</i>,[Link](https://doi.org/10.1371/journal.pbio.3003779)
"Koevoet D, Voet V, Jones HM, Awh E, Strauch C & Stigchel Svd",2025,Population-Level Activity Dissociates Preparatory Overt from Covert Attention,<i>Journal of Neuroscience</i>,[Link](https://doi.org/10.1101/2025.05.07.652629)
"Bender A, Zhao C, Vogel EK, Awh E & Voytek B",2025,"Correction for Bender et al., Differential representations of spatial location by aperiodic and alpha oscillatory activity in working memory",<i>Proceedings of the National Academy of Sciences of the United States of America</i>,[Link](https://doi.org/10.1073/pnas.2524377122)
"Chang W, Epstein W, Ngiam W, Jones HM & Awh E",2025,Content-independent pointers mediate working memory storage for both visual and verbal stimuli,<i>Journal of Vision</i>,[Link](https://doi.org/10.1167/jov.25.9.1883)
"Koevoet D, Voet V, Awh E, Jones HM, Strauch C & Stigchel Svd",2025,Sharper Spatially-Tuned Neural Activity in Preparatory Overt than in Covert Attention,<i>Journal of Vision</i>,[Link](https://doi.org/10.1167/jov.25.9.1953)
"Koevoet D, Jones HM, Stigchel Svd & Awh E",2025,Dissociating Spatial Attention and Working Memory Storage with Pupillometry.,<i>Journal of Cognitive Neuroscience</i>,[Link](https://doi.org/10.1162/JOCN.a.2395)
"Ye C, Xu Q, Guo L, Awh E, Vogel EK, Liu Q & Xie W",2025,Image Memorability Facilitates Visual Working Memory Formation: Electrophysiological Evidence from Contralateral Delay Activity,<i>Journal of Vision</i>,[Link](https://doi.org/10.1167/jov.25.9.2308)
"Jones HM, Bai D, Scholl B & Awh E",2025,Electroencephalogram decoding of the attentional selection and tracking of featureless objects,<i>Journal of Vision</i>,[Link](https://doi.org/10.1167/jov.25.9.2120)
"Ngiam W, Thyer W, Jones HM, Suplica D, Epstein W & Awh E",2024,Associative learning changes multivariate neural signatures of visual working memory,<i>Journal of Vision</i>,[Link](https://doi.org/10.1167/jov.24.10.589)
"Styrkowiec P, Ngiam W, Epstein W, Gneezy R, Awh E & Vogel EK",2024,Spatiotemporal processing drives the contralateral delay activity in a dual working memory and attentional tracking task,<i>Journal of Vision</i>,[Link](https://doi.org/10.1167/jov.24.10.992)
"Adekoya T, Zhao C, Vogel EK & Awh E",2024,A Change Localization Benefit for Mixed Arrays Over Uniform Arrays,<i>Journal of Vision</i>,[Link](https://doi.org/10.1167/jov.24.10.636)
Park H & Awh E,2024,Unfolding Serial Dependence Across Perception and Working Memory Processes,<i>Journal of Vision</i>,[Link](https://doi.org/10.1167/jov.24.10.404)
"Jones HM, Suplica D, Thyer W & Awh E",2024,Storage in working memory recruits a modality-independent pointer system,<i>Journal of Vision</i>,[Link](https://doi.org/10.1167/jov.24.10.563)
"Günseli E, Foster JJ, Sutterer DW, Todorova L, Vogel E & Awh E",2024,Encoded and updated spatial working memories share a common representational format in alpha activity,<i>iScience</i>,[Link](https://doi.org/10.1016/j.isci.2024.108963)
"Zhao C, Adekoya T, Horwitz S, Awh E & Vogel EK",2024,Visual working memory load persists during the comparison phase,<i>Journal of Vision</i>,[Link](https://doi.org/10.1167/jov.24.10.330)
"Jones HM, Ngiam W & Awh E",2023,EEG Decoding Reveals Distinct Processes for Directing Spatial Attention and Encoding into Working Memory.,<i>Journal of Vision</i>,[Link](https://doi.org/10.1167/jov.23.9.5617)
"Adam KCS, Awh E & Serences J",2023,Univariate and multivariate load-dependent signals in human cortex,<i>Journal of Vision</i>,[Link](https://doi.org/10.1167/jov.23.9.5876)
Zhao C & Vogel E,2023,Lateralized EEG markers of attention preceding and following shifts in eye position,<i>Journal of Vision</i>,[Link](https://doi.org/10.1167/jov.23.9.4854)
Styrkowiec P & Vogel E,2023,Attentional tracking within and across visual hemifields and brain hemispheres.,<i>Journal of Vision</i>,[Link](https://doi.org/10.1167/jov.23.9.5575)
Zhao C & Vogel EK,2026,Working memory and attentional control abilities predict individual differences in visual long-term memory tasks,<i>Journal of Memory and Language</i>,[Link](https://www.sciencedirect.com/science/article/pii/S0749596X25000580?via%3Dihub) \| [Data](https://osf.io/e8ptm/) \| [PDF](/files/pdfs/ZhaoVogel_2026_JML.pdf) 
"Park, HB & Awh, E",2026,"Contributions from Long-Term Memory Explain Superior
Visual Working Memory Performance with Meaningful
Objects",<i>Journal of Neuroscience </i>,[Link](https://www.jneurosci.org/content/46/5/e1660252025) \| [Data](https://osf.io/e8ptm/) \| [PDF](/files/pdfs/ParkAwh_2026_JNeuro.pdf) 
"Styrkowiec, P P, Ngiam, WXQ., Epstein, W, Gneezy, R, Jones, HM, Awh, E, & Vogel, EK",2026,Item-based parsing of dynamic scenes in a combined attentional tracking and working memory task.,<i>Journal of Cognitive Neuroscience</i>,[Link](https://doi.org/10.1162/JOCN.a.96)
"Park, HB",2025,Process dynamics of serial biases in visual perception and working memory processes,*Psychonomic Bulletin & Review* ,[Link](https://link.springer.com/article/10.3758/s13423-025-02714-5) \| [Data](https://osf.io/xem4w/?view_only=c16400ec980949989c5d0d500ece858f) \| [PDF](/files/pdfs/Park_2025_PBR.pdf) 
"Suplica D, Jones, HM, Diaz GK, Veillette JP, Nusbaum HC, Awh E",2025,Neural evidence for modality-independent storage in working memory,<i>Current Biology. </i>,[Link](https://www.sciencedirect.com/science/article/pii/S0960982225010383?dgcid=author) \| [Data](https://osf.io/j84r5/) \|  [PDF](/files/pdfs/suplica_2025_currbio.pdf) 
Zhao C & Vogel EK,2025, Individual Differences in Working Memory and Attentional Control Continue to Predict Memory Performance Despite Extensive Learning,<i>Journal of Experimental Psychology: General </i>,[Link](https://psycnet.apa.org/record/2025-73702-001) \| [Data](https://osf.io/dvumt/) \| [PDF](/files/pdfs/ZhaoVogel_JEPG_2025.pdf) 
Awh E & Vogel EK,2025,Working memory needs pointers,<i>Trends in Cognitive Sciences </i>, [PDF](/files/pdfs/awh_vogel_2025_WM-needs-pointers.pdf) 
"Jones HM, Thyer TS, Suplica D, Awh E",2024,Cortically disparate visual features evoke content-independent load signals during storage in working memory,<i>Journal of Neuroscience </i>,[Link](https://www.jneurosci.org/content/early/2024/09/24/JNEUROSCI.0448-24.2024) \| [Data](https://osf.io/q8fya/) \| [Github](https://github.com/henrymj/ContentIndependentLoad)
"Jones HM, Diaz GK, Ngiam WXQ, Awh E",2024,Electroencephalogram Decoding Reveals Distinct Processes for Directing Spatial Attention and Encoding Into Working Memory,*Psychological Science*,[Link](https://journals.sagepub.com/eprint/C96TUDM5JRTQHBGMDJMC/full) \| [Data](https://osf.io/8vur2/) \| [Github](https://github.com/henrymj/DissociatingWMLoadFromSpatialAttention)
Ngiam WXQ,2023,Mapping visual working memory models to a theoretical framework ,*Psychonomic Bulletin & Review* ,[Link](https://doi.org/10.3758/s13423-023-02356-5) \| [PsyArXiv](https://psyarxiv.com/g8erx)
"Ngiam WXQ, Loetscher KB, Awh E",2023,Object-based encoding constrains storage in visual working memory,*Journal of Experimental Psychology: General*,[Link](https://doi.org/10.1037/xge0001479) \| [PDF](/files/pdfs/ngiam_2023_object-based.pdf) \| [PsyArXiv](https://psyarxiv.com/mc5p9) \| [Data and Code](https://osf.io/wjr7u/)
Zhao C & Vogel EK,2023, Sequential encoding paradigm reliably captures the individual differences from a simultaneous visual working memory task,"*Attention, Perception, & Psychophysics*. ", [PDF](/files/pdfs/ZhaoVogel_SequentialVWM_2023.pdf)
"Zhao C, Vogel E, & Awh E",2022, Change localization: A highly reliable and sensitive measure of capacity in visual working memory,"*Attention, Perception, & Psychophysics*. ", [PDF](/files/pdfs/zhao_2022_change_localization.pdf) | [Link](https://doi.org/10.3758/s13414-022-02586-0)
"Thyer W, Adam KCS, Diaz GK, Velázquez Sánchez IN, Vogel EK, Awh E",2022,Storage in visual working memory recruits a content-independent pointer system.,<i>Psychological Science<i>.,[PDF](/files/pdfs/Thyer_et_al_2022.pdf) | [Link](https://journals.sagepub.com/doi/10.1177/09567976221090923) | [Data](https://osf.io/uhbx5/)
"Feldmann-Wüstefeld T, Awh E",2020,Alpha-band Activity Tracks the Zoom Lens of Attention, <i>Journal of Cognitive Neuroscience</i>, [PDF](/files/pdfs/feldmann-wustefeld_2020_ZoomLens.pdf)
"Ngiam WXQ, Foster JJ, Adam KCS, Awh E",2022,Distinguishing guesses from fuzzy memories: Further evidence for item limits in visual working memory,"<i>Attention, Perception, & Psychophysics</i>",[PDF](/files/pdfs/ngiam_2022_distinguishing.pdf) | [PsyArXiv](https://psyarxiv.com/bkdya) | [Data and Code](https://osf.io/64rdq/)
"Keene PA\*, deBettencourt MT\*, Awh E, Vogel EK",2022,Pupillometry signatures of sustained attention and working memory.,"*Attention, Perception and Psychophysics*",[BioRxiv](https://www.biorxiv.org/content/10.1101/2021.01.18.426969v1) \| [Link](https://link.springer.com/article/10.3758/s13414-022-02557-5) \| [PDF](/files/pdfs/keene_2022_pupillometry.pdf)
"Diaz GK, Vogel EK, Awh E",2021,Perceptual grouping reveals distinct roles for sustained slow wave activity and alpha oscillations in working memory.,<i>Journal of Cognitive Neuroscience.</i> ,[Link](https://doi.org/10.1162/jocn_a_01719) \| [Data](https://osf.io/7rxqf/)
"Hakim N, Awh E, Vogel EK, & Rosenberg MD",2021,Inter-electrode correlations measured with EEG predict individual differences in cognitive ability.,<i>Current Biology. </i>,[PDF](/files/pdfs/hakim_etal_2021_individual_differences.pdf) \| [Link](https://doi.org/10.1016/j.cub.2021.09.036)
"Foster JJ, Vogel EK, & Awh E",2019,Working memory as persistent neural activity.,In MJ Kahana & AD Wagner (Eds). Oxford Handbook of Human Memory. Oxford University Press. ,[PDF](https://psyarxiv.com/jh6e3)
"deBettencourt MT, Williams SD, Vogel EK, Awh E",2021,Sustained attention and spatial attention distinctly influence long-term memory encoding.,<i>Journal of Cognitive Neuroscience</i>,[PDF](/files/pdfs/deBettencourt_JCognNeurosci_2021.pdf) \| [Link](https://direct.mit.edu/jocn/article/33/10/2132/102759/Sustained-Attention-and-Spatial-Attention)
"Foster JJ, Thyer W, Wennberg JW, Awh E",2021,Covert attention increases the gain of stimulus-evoked population codes.,<i>Journal of Neuroscience. </i>,[PDF](/files/pdfs/Foster_2021_JNeurosci.pdf)  \| [Data](https://osf.io/hmvzc/)
"Hakim N, Feldmann-Wüstefeld T, Awh E, & Vogel EK",2021,Controlling the flow of distracting information in working memory.,<i>Cerebral Cortex.</i>  ,[PDF](/files/pdfs/Hakim_et_al_2021_CerebralCortex.pdf) \| [Data](https://osf.io/3ftvj/?view_only=78990b6136a34a0993f026d7c7697a59)
"Ngiam WXQ, Adam KCS, Quirk C, Vogel EK, Awh E",2021,Estimating statistical power to detect set size effects in contralateral delay activity.,*Psychophysiology*. ,[PDF](https://williamngiam.github.io/files/CDApower.pdf) \| [PsyArXiv](https://psyarxiv.com/nbvkc) \| [Hakim et al. data](https://osf.io/ws3j9/) and [Unsworth et al. data](https://osf.io/qeaet/)
"Hakim N, Awh E, Vogel EK",2020,Manifold working memory.,"In <em>Working memory: a multicomponent model</em> (Eds. Robert Logie, Nelson Cowan, and Valerie Camos) Oxford University Press. ","[Book Link](https://books.google.com/books?hl=en&lr=&id=cz0HEAAAQBAJ&oi=fnd&pg=PA1&dq=Manifold+working+memory.+In+Working+memory:+a+multicomponent+model+(Eds.+Robert+Logie,+Nelson+Cowan,+and+Valerie+Camos)+Oxford+University+Press.&ots=36ywgtdBnt&sig=6uiX21krjhS0tvqeRqIanjJIZQA#v=onepage&q=Manifold%20working%20memory.%20In%20Working%20memory%3A%20a%20multicomponent%20model%20(Eds.%20Robert%20Logie%2C%20Nelson%20Cowan%2C%20and%20Valerie%20Camos)%20Oxford%20University%20Press.&f=false)"
"Adam, K. C., Vogel, E. K., & Awh, E.",2020,Multivariate analysis reveals a generalizable human electrophysiological signature of working memory load.,<i>Psychophysiology. </i>,[PDF](/files/pdfs/Adams2020.pdf)  \| [Data](https://osf.io/6jkqu/)
"Quirk C, Adam KCS, Vogel EK",2020,No Evidence for an Object Working Memory Capacity Benefit with Extended Viewing Time.,<i>eNeuro</i> ,[PDF](https://colinquirk.com/publications/papers/Quirk_eneuro2020.pdf)
"Hakim N, deBettencourt MT, Awh E, & Vogel EK",2020,Attention fluctuations impact ongoing maintenance of information in working memory.,*Psychonomic Bulletin & Review*. ,[PDF](/files/pdfs/Hakim2020_Article_AttentionFluctuationsImpactOng.pdf)  \| [Data](https://osf.io/cg5f2/?view_only=ceb70b58c382498cb5d9ffc82223a157)
"Foster JJ, Bsales EM, & Awh E",2020,Covert spatial attention speeds target individuation.,<i>Journal of Neuroscience.</i> ,[PDF](/files/pdfs/Foster2020.pdf) \| [Data](https://osf.io/a9mvb/)
"Hakim N, Feldmann-Wüstefeld T, Awh E, & Vogel EK",2020,Perturbing neural representations of working memory with task-irrelevant interruption.,<i>Journal of Cognitive Neuroscience.</i> ,[PDF](/files/pdfs/Hakim_et_al_JoCN_published_pdf.pdf) \| [Data](https://osf.io/g5ahn/?view_only=4dd5c22fdcb6457689d73d3bf892b5cb)
"Ngiam WXQ, Brissenden JA & Awh E.",2019,“Memory compression” effects in visual working memory are contingent on explicit long-term memory.,*Journal of Experimental Psychology: General*. ,[PDF](/files/pdfs/ngiam_2019_memory.pdf) \| [Data](https://osf.io/9c4rj/)
"Sutterer DW, Foster JJ, Serences JT, Vogel EK & Awh E",2019,Alpha-band oscillations track the retrieval of precise spatial representations from long-term memory.,*Journal of Neurophysiology*. ,[PDF](/files/pdfs/sutterer_2019_alpha-band.pdf)
"deBettencourt MT, Keene PA, Awh E & Vogel EK",2019,Real-time triggering reveals concurrent lapses of attention and working memory.,*Nature Human Behaviour*. ,[PDF](/files/pdfs/debettencourt_2019_real-time.pdf) \| [Journal Website](https://www.nature.com/articles/s41562-019-0606-6) \| [Data](https://osf.io/hfeu8/)
Fukuda K & Vogel EK.,2019,Visual short-term memory capacity predicts the “bandwidth” of visual long-term memory encoding.,*Memory & Cognition*. ,[PDF](/files/pdfs/fukuda_2019_visual.pdf)
"Sutterer DW*, Foster JJ*, Adam KCS, Vogel EK, & Awh E",2019,Item-specific delay activity demonstrates concurrent storage of multiple active neural representations in working memory.,*PLoS Biology*. ,[PDF](https://journals.plos.org/plosbiology/article?id=10.1371/journal.pbio.3000239) \| [Data](https://osf.io/47cmn/)
"Hakim N, Adam KCS, Gunseli E, Awh E, & Vogel EK",2019,Dissecting the Neural Focus of Attention Reveals Distinct Processes for Spatial Attention and Object-Based Storage in Visual Working Memory.,*Psychological Science*. ,[PDF](/files/pdfs/Hakim_PsychSci.pdf) \| [Data](https://osf.io/ws3j9/?view_only=40b7f0018df44d5a862b51601d4599ed)
Scolari M & Awh E,2019,Object-based biased competition during covert spatial orienting.,"*Attention, Perception, & Psychophysics*. ",[PDF](/files/pdfs/Scolari_2019_Object-based.pdf)
Foster JJ & Awh E,2019,The role of alpha oscillations in spatial attention: Limited evidence for a suppression account.,*Current Opinion in Psychology*. ,[PDF](/files/pdfs/Foster_2019_Alpha-oscillations.pdf)
"Feldmann-Wüstefeld T, Vogel EK & Awh E",2018,"Contralateral Delay Activity reflects working memory storage, not the current focus of spatial attention within visual working memory.",*Journal of Cognitive Neuroscience*. ,[PDF](/files/pdfs/feldmann-wustefeld_2018_Cotralateral.pdf) \| [Data](https://osf.io/7fyuc/)
Hakim N & Vogel EK,2018,Phase-coding memories in mind.,*PLoS Biology*. ,[PDF](/files/pdfs/hakim_2018_phase-coding.pdf)
"Sprague TC, Adam KCS, Foster JJ, Rahmati M, Sutterer DW & Vo VA",2018,"Inverted encoding models assay population-level stimulus representations, not single-unit neural tuning.",*eNeuro*. ,[PDF](https://www.eneuro.org/content/5/3/ENEURO.0098-18.2018)
Feldmann-Wüstefeld T & Vogel EK,2018,Neural Evidence for the Contribution of Active Suppression During Working Memory Filtering.,*Cerebral Cortex*. ,[PDF](/files/pdfs/feldmann-wustefeld_2018_Neural-evidence.pdf) \| [Data](https://osf.io/a65xz/)
"Adam KCS, Robison MK, & Vogel EK",2018,Contralateral delay activity tracks fluctuations in working memory performance.,*Journal of Cognitive Neuroscience*. ,[PDF](/files/pdfs/adam_2018_Contralateral.pdf) \| [Data](https://osf.io/8xuk3/)
"Huang, L & Awh E",2018,Chunking in working memory via content-free labels.,*Scientific Reports*. ,[PDF](/files/pdfs/huang_2018_chunking.pdf)
"van Moorselaar D, Foster JJ, Sutterer DW, Theeuwes J, Olivers CNL & Awh E",2018,Spatially selective alpha oscillations reveal moment-by-moment trade-offs between working memory and attention.,*Journal of Cognitive Neuroscience*. ,[PDF](/files/pdfs/van-moorselaar_2018_spatially-selective.pdf) \| [Data](https://osf.io/56rzh/)
"Xu Z, Adam KCS, Fang X, Vogel EK",2018,The reliability and stability of visual working memory capacity.,*Behavior Research Methods*. ,[PDF](/files/pdfs/xu_2018_reliability.pdf) \| [Data](https://osf.io/g7txf/)
"Oberauer K, Sutterer DW, & Awh E",2017,The role of long-term memory in a test of visual working memory: Proactive facilitation but no proactive interference.,"*Journal of Experimental Psychology: Learning, Memory, and Cognition*. ",[PDF](/files/pdfs/oberauer_2017_role-of-ltm.pdf)
"Adam KCS, Vogel EK, & Awh E",2017,Clear evidence for item limits in visual working memory.,*Cognitive Psychology*. ,[PDF](/files/pdfs/adam_2017_clear-evidence.pdf) \| [Data](https://osf.io/kjpnk/) \| [Supplemental](/files/pdfs/adam_supplemental_2017.pdf) \| [Corrigendum](/files/pdfs/adam_2017_corrigendum.pdf)
"Foster JJ, Bsales EM, Jaffe RJ, & Awh E",2017,Alpha-band activity reveals spontaneous representations of spatial position in visual working memory.,*Current Biology*. ,[PDF](/files/pdfs/foster_2017_alpha-band.pdf) \| [Data](https://osf.io/vw4uc/) \| [Research Highlight](https://www.nature.com/articles/nrn.2017.143?WT.ec_id=NRN-201712&spMailingID=55372847&spUserID=NzM5Njg0NjU0NzUS1&spJobID=1282840712&spReportId=MTI4Mjg0MDcxMgS2)
Adam KCS & Vogel EK,2017,Confident failures: Lapses of working memory reveal a metacognitive blind spot.,"*Attention, Perception, & Psychophysics*. ",[PDF](/files/pdfs/adam_2017_confident-failures.pdf) \| [Data](https://osf.io/syv5w/) \| [Supplemental](/files/pdfs/adam_supplemental_confident_failures_2017.pdf)
"Foster JJ, Sutterer DW, Serences JT, Vogel EK, Awh E",2017,Alpha-band oscillations enable spatially and temporally resolved tracking of covert spatial attention.,*Psychological Science* ,[PDF](/files/pdfs/foster_2017_covert-spatial-attn.pdf) \| [Data](https://osf.io/29nxv/)
Olivers CNL & Awh E,2016,The capacity to detect synchronous audiovisual events is severely limited: Evidence from mixture modeling.,*Journal of Experimental Psychology: Human Perception and Performance*. ,[PDF](/files/pdfs/olivers_2016_synchronous.pdf)
"Ester EF, Sutterer DW, Serences JT, Awh E",2016,Feature-selective modulations in human frontoparietal cortex.,*Journal of Neuroscience*. ,[Article](/files/pdfs/ester_2016_feature_selective.pdf)
Adam KCS & Vogel EK,2016,Tuning in by tuning out distractions.,*PNAS*. ,[PDF](/files/pdfs/adam_2016_tuning.pdf)
Adam KCS & Vogel EK,2016,Reducing failures of working memory with performance feedback.,*Psychonomic Bulletin & Review*. ,[PDF](/files/pdfs/adam_2016_reducing-failures.pdf) \| [Data](https://osf.io/nu8jd/) \| [Supplemental](/files/pdfs/adam_supplemental_feedback_2016/pdf)
"Foster JJ, Sutterer DW, Serences JT, Vogel EK, Awh E",2016,The topography of alpha-band activity tracks the content of spatial working memory.,*Journal of Neurophysiology*. ,[PDF](/files/pdfs/foster_2016_topography.pdf)\| [Data](https://osf.io/bwzfj/)
"Luria R, Balaban H, Awh E, & Vogel EK",2016,The contralateral delay activity as a neural measure of visual working memory.,*Neuroscience & Biobehavioral Reviews*. ,[PDF](/files/pdfs/luria_2016_cda.pdf)
Sutterer DW & Awh E,2016,Retrieval practice enhances the accessibility but not the quality of memory.,*Psychonomic Bulletin & Review*. ,[PDF](/files/pdfs/sutterer_2016_retrieval-practice.pdf) \| [Data](https://osf.io/zfbkr/)
"Eriksson J, Vogel EK, Lansner A, Bergström F, Nyberg L",2015,Neurocognitive architecture of working memory.,*Neuron*. ,[PDF](/files/pdfs/eriksson_2015_neurocognitive.pdf)
"Fukuda K, Mance I, Vogel EK",2015,α Power modulation and event-related slow wave provide dissociable correlates of visual working memory.,*Journal of Neuroscience*. ,[PDF](/files/pdfs/fukuda_2015_power-mod.pdf)
Belopolsky AV & Awh E,2015,The role of context in volitional control of feature-based attention.,*Journal of Experimental Psychology: Human Perception & Performance*. ,[PDF](/files/pdfs/belopolsky_2015_volitional-control.pdf)
"Unsworth N, Fukuda K, Awh E, Vogel EK",2015,Working memory delay activity predicts individual differences in cognitive abilities.,*Journal of Cognitive Neuroscience*. ,[PDF](/files/pdfs/unsworth_2015_wm-delay.pdf)
"Adam KCS, Mance I, Fukuda K, Vogel EK",2015,The contribution of attentional lapses to individual differences in visual working memory capacity.,*Journal of Cognitive Neuroscience*. ,[PDF](/files/pdfs/adam_2015_contribution-attn-lapses.pdf) \| [Data](https://osf.io/z9qkw/)
"Fukuda, K., Woodman, G. F., & Vogel, E. K.",2015,Individual differences in visual working memory capacity: Contributions of attentional control to storage.,"*Mechanisms of Sensory Working Memory: Attention and Perfomance XXV*, 105.",[Link](https://www.elsevier.com/books/mechanisms-of-sensory-working-memory/jolicoeur/978-0-12-811042-3)
"Isbell E, Fukuda K, Neville HJ, Vogel EK",2015,Visual working memory continues to develop through adolescence.,*Frontiers in Psychology*. ,[PDF](/files/pdfs/isbell_2015_vwm-adolescence.pdf)
Awh E & Vogel EK,2015,Attention: Feedback focuses a wandering mind.,*Nature Neuroscience*. ,[PDF](/files/pdfs/awh_vogel_2015_wandering-mind.pdf)
Foster JJ & Adam KCS,2014,Is feature-based attention always spatially global during visual search?,*Journal of Neuroscience* ,[PDF](/files/pdfs/foster_2014_feature-based-attn.pdf)
Luria R & Vogel EK,2014,"Come together, right now: dynamic overwriting of an object’s history through common fate.",*Journal of Cognitive Neuroscience* ,[Link](https://www.mitpressjournals.org/doi/full/10.1162/jocn_a_00584)
"Unsworth N, Fukuda K, Awh E, Vogel EK",2014,"Working memory and fluid intelligence: capacity, attention control and secondary memory retrieval.",*Cognitive Psychology*. ,[PDF](/files/pdfs/unsworth_2014_wm-fluid-intelligence.pdf)
"Drew T, Mance I, Horowitz TS, Wolfe JM, Vogel EK",2014,A soft handoff of attention between cerebral hemispheres.,*Current Biology*. ,[PDF](/files/pdfs/drew_2014_soft-handoff.pdf)
"Van den Berg, R., Awh, E., & Ma, W. J.",2014,Factorial comparison of working memory models.,*Psychological review*. ,[PDF](/files/pdfs/van-den-berg_2014_factorial-comparison.pdf)
"Ester EF, Fukuda K, May LM, Vogel EK, Awh E",2014,Evidence for a discrete resource limit in attending multiple locations.,*Cognitive Affective and Behavioral Neuroscience*. ,[PDF](/files/pdfs/ester_2014_fixed-capacity.pdf)
"Ester EF, Klee D, Awh E",2014,Visual crowding cannot be wholly explained by pooling.,*Journal of Experimental Psychology: Human Perception and Performance*. ,[PDF](/files/pdfs/ester_2014_visual-crowding.pdf)
"Drew T, Horowitz TS, Vogel EK",2013,Swapping or dropping?,Electrophysiological measures of difficulty during multiple object tracking. *Cognition*. ,[PDF](/files/pdfs/drew_2013_swapping-dropping.pdf)
Mance I & Vogel EK,2013,Visual working memory: A review.,*WIREs Cognitive Science*. ,[PDF](/files/pdfs/mance_2013_vwm.pdf)
"Cashdollar N, Fukuda K, Bocklage A, Aurtenetxe S, Vogel EK, Gazzaley A",2013,Prolonged disengagement from attentional capture in normal aging.,*Psychology and Aging*. ,[PDF](/files/pdfs/cashdollar_2013_prolonged-disengagement.pdf)
"Spronk M, Vogel EK, Jonkman LM",2013,No behavioral or ERP evidence for a developmental lag in visual working memory capacity or filtering in adolescents and adults with ADHD.,*PLOS one*. ,[PDF](/files/pdfs/spronk_201_behav-ERP-ev)
Luck SJ & Vogel EK,2013,Visual working memory capacity: From psychophysics and neurobiology to individual differences in cognitive ability.,*Trends in Cognitive Sciences*. ,[PDF](/files/pdfs/luck_2013_vwm-capacity.pdf)
"Postle BR, Awh E, Serences JT, Sutterer DW, D’Esposito M",2013,The positional specificity effect reveals a passive trace contribution to visual short-term memory.,*PLOS one*. ,[PDF](/files/pdfs/postle_2013_positional-specificity.pdf)
"Tsubomi H, Fukuda K, Watanabe K, Vogel EK",2013,Neural limits to representing objects still within view.,*Journal of Neuroscience*. ,[PDF](/files/pdfs/tsubomi_2013_neural-limits.pdf)
"Ester EF, Anderson DE, Serences JT, Awh E",2013,A neural measure of precision in visual working memory.,*Journal of Cognitive Neuroscience*. ,[Link](http://www.mitpressjournals.org/doi/full/10.1162/jocn_a_00357)
"Van der Burg E, Awh E, Olivers CNL",2013,The capacity of audiovisual integration is limited to one.,*Psychological Science*. ,[PDF](/files/pdfs/van-der-berg_2013_capacity-audiovisual.pdf)
"Mayer JS, Fukuda K, Vogel EK, Park S",2012,Impaired contingent attentional capture predicts working memory capacity in schizophrenia.,*PLOS one*. ,[PDF](/files/pdfs/mayer_2012_impaired-contingent-attn.pdf)
"LeCompte MA, Goodyear AC, Demitroff MN, Batchelor D, Vogel EK, Mooney C, Rock BN Seidel AW",2012,Independent evaluation of conflicting microspherule results from different investigations of the Younger Dryas impact hypothesis.,*PNAS*. ,[PDF](/files/pdfs/lecompte_2012_independent-evaluation.pdf)
"Spronk M, Vogel EK, Jonkman LM",2012,Electrophysiological evidence for immature processing capacity and filtering in visuospatial working memory in adolescents.,*PLOS One*. ,[PDF](/files/pdfs/spronk_2012_electrophysio-ev.pdf)
"Woodman GF, Vogel EK & Luck SJ",2012,Flexibility in visual working memory: Accurate change detection in the face of irrelevant variations in position.,*Visual Cognition*. ,[PDF](/files/pdfs/woodman_2012_felxibility-vwm/pdf)
"Drummond SP, Anderson DA, Straus LD, Vogel EK, Perez VP",2012,The effects of two types of sleep deprivation on visual working memory capacity and filtering efficiency.,*PLOS One*. ,[PDF](/files/pdfs/drummond_2012_sleep-deprivation.pdf)
"Drew T, Horowitz TS, Wolfe JM, Vogel EK",2012,Neural measures of dynamic changes in attentive tracking load.,*Journal of Cognitive Neuroscience*. ,[PDF](/files/pdfs/drew_2012_dynamic-changes.pdf)
"Awh E, Belopolsky AV, Theeuwes J",2012,Top-down versus bottom-up attentional control: A failed theoretical dichotomy.,*Trends in Cognitive Sciences*. ,[PDF](/files/pdfs/awh_2012_top-down-attn-control.pdf)
"Ester EF, Drew TW, Klee D, Vogel EK, Awh E",2012,Neural measures reveal a fixed item limit in subitizing.,*Journal of Neuroscience*. ,[PDF](/files/pdfs/ester_2012_neural-measures-fixed-item.pdf)
"Stevens AA, Maron L, Nigg JT, Cheung D, Ester EF, Awh E",2012,Increased sensitivity to perceptual interference in adults with attention deficit hyperactivity disorder.,*Journal of the International Neuropsychological Society*. ,[PDF](/files/pdfs/stevens_2012_sensetivity-erceptual-interference.pdf)
"Ester, E. F., Vogel, E. K., & Awh, E.",2012,Discrete resource limits in attention and working memory.,*Cognitive neuroscience of attention*. ,[Link](https://www.guilford.com/books/Cognitive-Neuroscience-of-Attention/Michael-Posner/9781609189853)
Luria T & Vogel EK,2011,Shape and color conjunction stimuli are represented as bound objects in visual working memory.,*Neuropsychologia*. ,[PDF](/files/pdfs/luria_2011_shape-color-conjunction.pdf)
Luria T & Vogel EK,2011,Visual search demands dictate reliance upon working memory storage.,*Journal of Neuroscience*. ,[PDF](/files/pdfs/luria_2011_visual-search.pdf)
"Drew T, Horowitz TS, Wolfe JM, Vogel EK",2011,Delineating the neural signatures of tracking spatial position and working memory during attentive tracking.,*Journal of Neuroscience*. ,[PDF](/files/pdfs/drew_2011_delineate-neural-signatures.pdf)
Fukuda K & Vogel EK,2011,Individual differences in recovery time from attentional capture.,*Psychological Science*. ,[PDF](/files/pdfs/fukuda_2011_individual-differences.pdf)
Perez VB & Vogel EK,2011,What ERPs can tell us about Visual Working Memory.,"*Oxford Handbook of Event-related Potential Components* (Luck SJ & Kappenman E, Eds.) ",[PDF](/files/pdfs/perez_2011_ERPSs-vwm.pdf)
"Umemoto A, Scolari M, Vogel EK, Awh E",2010,Statistical learning induces discrete shifts in the allocation of working memory resources.,*Journal of Experimental Psychology: Human Perception and Performance*. ,[PDF](/files/pdfs/umemoto_2010_statistical-learning.pdf)
"Umemoto A, Drew T, Ester E, Awh E",2010,A bilateral advantage for storage in visual working memory.,*Cognition*. ,[PDF](/files/pdfs/umemoto_2010_bilateral-advantage.pdf)
"Voytek B, Davis M, Yago E, Barcelo F, Vogel EK, Knight RT",2010,Dynamic neuroplasticity after Human Prefrontal Cortex Damage.,*Neuron*. ,[PDF](/files/pdfs/voytek_2010_dyamic-neuroplasticity.pdf)
"Lee E, Cowan N, Vogel EK, Rolan T, Valle-Inclan F, Hackley SA",2010,Visual Working memory deficits in patients with Parkinson’s disease are due to both reduced storage capacity and impaired ability to filter out irrelevant information.,*Brain*. ,[PDF](/files/pdfs/lee_2010_vwm-deficits.pdf)
"Jost K, Bryck RL, Vogel EK, Mayr U",2010,Are Old Adults Just Like Low Working Memory Young Adults?,Filtering Efficiency and Age Differences in Visual Working Memory. *Cerebral Cortex*. ,[PDF](/files/pdfs/jost_2010_old-adults.pdf)
"Ikkai A, McCoullough AW, Vogel EK",2010,Contralateral Delay Activity Provides a Neural Measure of the Number of Representations in Visual Working Memory.,*Journal of Neurophysiology*. ,[PDF](/files/pdfs/ikkai_2010_cda-neural-measure.pdf)
"Fukuda K, Vogel EK, Mayr U, Awh E",2010,Quantity not quality: The relationship between fluid intelligence and working memory capacity.,Psychonomic Bulletin and Review ,[PDF](/files/pdfs/fukuda_2010_fuild-intelligence-vwmc.pdf)
"Fukuda K, Awh E, Vogel EK",2010,Discrete capacity limits in visual working memory.,*Current Opinion in Neurobiology*. ,[PDF](/files/pdfs/fukuda_2010_discrete-capacity.pdf)
"Hyun J, Woodman GF, Vogel EK, Hollingworth A, Luck SJ",2009,The Comparison of Visual Working Memory Representations with Perceptual Inputs.,*Journal of Experimental Psychology: Human Perception and Performance*. ,[PDF](/files/pdfs/hyun_2009_vwm-memory-representations.pdf)
"Ester E, Serences J, Awh E",2009,Spatially global representations in human primary visual cortex during working memory maintenance.,*Journal of Neuroscience*. ,[PDF](/files/pdfs/ester_2009_spatially-global-representations/pdf)
"Willamson K, Scolari M, Jeong S, Kim MS, Awh E",2009,Experience-dependent changes in the topography of visual crowding.,Journal of Vision ,[PDF](/files/pdfs/williamson_2009_experience-dependent-changes.pdf)
Drew T & Vogel EK,2009,Working memory: Capacity limitations.,*Encyclopedia of Neuroscience*. ,[PDF](/files/pdfs/drew_2009_capacity-limitations.pdf)
Fukuda K & Vogel EK,2009,Human variation in overriding attentional capture.,*Journal of Neuroscience*. ,[PDF](/files/pdfs/fukuda_2009_human-variation.pdf)
"Drew T, McCollough AW, Horowitz TS, Vogel EK",2009,Attentional enhancement during multiple object tracking.,*Psychonomic Bulletin and Review*. ,[PDF](/files/pdfs/drew_2009_attentional-enhancement.pdf)
"Barton B, Ester E, Awh E",2009,Discrete Resource Allocation in Visual Working Memory.,*Journal of Experimental Psychology: Human Perception and Performance*. ,[PDF](/files/pdfs/barton_2009_discrete-resource-allocation.pdf)
"Serences J, Ester E, Vogel EK, Awh E",2009,Stimulus-specific delay activity in human primary visual cortex.,*Psychological Science*. ,[PDF](/files/pdfs/serences_2009_stimulus-specific-delay.pdf)
Drew T & Vogel EK,2008,Recently attended masks are less effective.,Perception and Psychophysics ,[PDF](/files/pdfs/drew_2008_recently-attended-masks.pdf)
Drew T & Vogel EK,2008,Neural measures of individual differences in selecting and tracking multiple moving objects.,Journal of Neuroscience ,[PDF](/files/pdfs/drew_2008_neural-measures-moving-objects.pdf)
"Serences J, Scolari M, Awh E",2008,On-line response-selection and the attentional blink: multiple-processing channels.,Visual Cognition ,[PDF](/files/pdfs/serences_2008_online-representations.pdf)
Vogel E & Awh E,2008,How to exploit diversity for scientific gain: Using individual differences to constrain cognitive theory.,Current Directions in Psychological Science ,[PDF](/files/pdfs/vogel-awh_2008_exploit-diversity.pdf)
"Mednick SC, Drummond SP, Boynton GM, Awh E, Serences J",2008,Sleep-dependent learning and practice-dependent deterioration in an orientation discrimination task.,Behavioral Neuroscience ,[PDF](/files/pdfs/mednick_2008_sleep-dependent-learning.pdf)
"Scolari M, Vogel E, Awh E",2008,Perceptual expertise enhances the resolution but not the number of representations in working memory.,*Psychological Bulletin and Review*. ,[PDF](/files/pdfs/scolari_2008_perceptual-expertise.pdf)
Awh E & Vogel EK,2008,The bouncer in the brain.,*Nature Neuroscience*. ,[PDF](/files/pdfs/awh-vogel_2008_bouncer.pdf)
Ester E & Awh E,2008,The processing locus of interference from salient singleton distractors.,*Visual Cognition* ,[PDF](/files/pdfs/ester_2008_processing-locus.pdf)
"McCollough AW, Machizawa MG, Vogel EK",2007,Electrophysiological measures of maintaining representations in visual working memory.,*Cortex* ,[PDF](/files/pdfs/mccollough_2007_electrophysiological-measures.pdf)
"Scolari M, Kohnen A, Barton B, Awh E",2007,"Spatial attention, preview, and popout: Which factors influence critical spacing in crowded displays?",*Journal of Vision* ,[PDF](/files/pdfs/scolari_2007_spatial-attention.pdf)
"Awh E, Barton B, Vogel EK",2007,"Visual working memory represents a fixed number of items, regardless of complexity.",*Psychological Science* ,[PDF](/files/pdfs/awh_2007_vwm-fixed-number-items.pdf)
Stevens C & Awh E,2007,"Commentary: Specificity, mechanisms, and timing in the study of spatial cognition.","*The Emerging Spatial Mind* (J Plumert & JP Spencer, Eds.) Oxford University Press ",[Link](https://global.oup.com/academic/product/the-emerging-spatial-mind-9780195189223?cc=us&lang=en&)
"Awh E, Armstrong KM, Moore T",2006,"Visual and oculomotor selection: links, causes and implications for spatial attention.",*Trends in Cognitive Sciences* ,[PDF](/files/pdfs/awh_2006_visual-oculomotor-selection.pdf)
"Awh E, Vogel E, Oh S-H",2006,Interactions between attention and working memory.,*Neuroscience* ,[PDF](/files/pdfs/awh_2006_interactions.pdf)
"Drew T, McCollough AW, Vogel EK",2006,Event-related potential measures of working memory.,*Clinical EEG and Neuroscience* ,[PDF](/files/pdfs/drew_2006_ERP-vwm.pdf)
"Vogel EK, Woodman GF, Luck SJ",2006,The time course of consolidation in visual working memory.,*Journal of Experimental Psychology: Human Perception and Performance* ,[PDF](/files/pdfs/vogel_2006_time-course.pdf)
"Awh E, Sgarlata AM, Kliestik J",2005,Resolving visual interference during covert spatial orienting: Online Attentional Control Through Static Records of Prior Visual Experience.,*Journal of Experimental Psychology: General* ,[PDF](/files/pdfs/awh_2005_resolving-visual-interference.pdf)
"Vogel EK, McCollough AW, Machizawa MG",2005,Neural measures reveal individual differences in controlling access to visual working memory.,*Nature* ,[PDF](/files/pdfs/vogel_2005_neural-measures-indv-differences.pdf)
"Vogel EK, Woodman GF, Luck SJ",2005,Pushing around the locus of selection: Evidence for the flexible selection hypothesis.,*Journal of Cognitive Neuroscience* ,[PDF](/files/pdfs/vogel_2005_pushing-locus-of-selection.pdf)
Woodman GF & Vogel EK,2005,Fractionating working memory: Memory encoding and maintenance are independent processes.,*Psychological Science* ,[PDF](/files/pdfs/woodman_2005_fractionating-wm.pdf)
"Awh E, Serences J, Laurey P, Dhaliwal H, van der Jagt T, Dassonville P",2004,Evidence against a central bottleneck during the attentional blink: Multiple channels for configural and featural processing.,*Cognitive Psychology* ,[PDF](/files/pdfs/awh_2004_central-bottleneck.pdf)
"Postle BR, Awh E, Jonides J, Smith EE, D’Esposito M",2004,The where and how of attention- based rehearsal in spatial working memory.,*Cognitive Brain Research* ,[PDF](/files/pdfs/postle_2004_attention-based-rehearsal.pdf)
"Serences J, Yantis S, Culberson A, Awh E",2004,Preparatory activity in visual cortex indexes distractor suppression during covert spatial orienting.,*Journal of Neurophysiology* ,[PDF](/files/pdfs/serences_2004_preparatory-activity.pdf)
Vogel EK & Machizawa MG,2004,Neural activity predicts individual differences in visual working memory capacity.,*Nature* ,[PDF](/files/pdfs/vogel_2004_neural-activty-indv-differences.pdf)
Jonides J & Awh E,2003,What Is The Source Of Activation For Working Memory?,*Behavioral and Brain Sciences* ,[Link](https://doi.org/10.1017/S0140525X03350162)
"Mayr U, Awh E, Laurey P",2003,Conflict adaptation effects do not require executive control.,*Nature Neuroscience* ,[PDF](/files/pdfs/mayr_2003_conflict-adaptation.pdf)
"Hopf JM, Vogel EK, Woodman GF, Hagner T, Heinze HJ, Luck SJ",2002,Localizing visual discrimination processes in time and space.,*Journal of Neurophysiology* ,[PDF](files/pdfs/hopf_2002_localizing-visual-discrimination.pdf)
"Jonides, J, Sylvester, C-Y.C, Lacey, SC, Wager, TD, Nichols, TE, & Awh E",2002,Modules of working memory.,"In RH Kluwe, G Luer, and F Rosler (Eds.), *Principles of Working Memory*. Boston: Birkhaeuser Publishing Ltd. ",[PDF](/files/pdfs/jonides_2002_modules-of-wm.pdf)
"Schmidt BK, Vogel EK, Woodman GF, Luck SJ",2002,Voluntary and involuntary control of visual working memory.,*Perception & Psychophysics*. ,[PDF](/files/pdfs/schmidt_2002_voluntary-automatic-attn-control.pdf)
"Vecera SP, Vogel EK, Woodman GF",2002,Lower region: A new cue to figure-ground segregation.,*Journal of Experimental Psychology: General*. ,[PDF](/files/pdfs/vecera_2002_lower-region-new-cue.pdf)
Vogel EK & Luck SJ,2002,Delayed working memory consolidation during the attentional blink.,*Psychonomic Bulletin & Review* ,[PDF](/files/pdfs/vogel_2002_delayed-wm-consolidation.pdf)
Awh E & Jonides J,2001,Overlapping mechanisms of attention and working memory.,*Trends in Cognitive Sciences* ,[PDF](/files/pdfs/awh_2001_overlapping-mechanisms.pdf)
"Awh E, Dhaliwal H, Christensen S, Matsukura M",2001,Evidence for two components of object-based selection.,*Psychological Science* ,[PDF](/files/pdfs/awh_2001_evidence-two-components-object-based.pdf)
"Vogel EK, Woodman GF, Luck SJ",2001,"Storage of features, conjunctions, and objects in visual working memory.",*Journal of Experimental Psychology: Human Perception and Performance* ,[PDF](/files/pdfs/vogel_2001_storage-features-conjunctions-objects.pdf)
"Woodman GF, Vogel EK, Luck SJ",2001,Visual search remains efficient when visual working memory is full.,*Psychological Science* ,[PDF](/files/pdfs/woodman_2001_visual-search-efficient.pdf)
"Awh E, Anllo-Vento L, Hillyard SA",2000,The role of spatial selective attention in working memory for locations: evidence from event-related potentials.,*Journal of Cognitive Neuroscience* ,[PDF](/files/pdfs/awh_2000_spatial-selective-attention.pdf)
Awh E & Pashler H,2000,Evidence for split attentional foci.,*Journal of Experimental Psychology: Human Perception and Performance* ,[PDF](/files/pdfs/awh_2000_split-attentional-foci.pdf)
"Luck SJ, Woodman GF, Vogel EK",2000,Event-related potential studies of attention.,*Trends in Cognitive Sciences* ,[PDF](/files/pdfs/luck_2000_ERP-attention.pdf)
Vogel EK & Luck SJ,2000,The visual N1 component as an index of a discrimination process.,*Psychophysiology* ,[PDF](/files/pdfs/vogel_2000_visual-N1-component.pdf)
"Awh E, Jonides J, Smith EE, Buxton RB, Frank LR, Love T, Wong EC, Gmeindl L",1999,Rehearsal in spatial working memory: Evidence from neuroimaging.,*Psychological Science* ,[PDF](/files/pdfs/awh_1999_rehearsal-spatial-wm.pdf)
Awh E & Gehring WJ,1999,The anterior cingulate lends a hand in response selection.,*Nature Neuroscience* ,[PDF](/files/pdfs/awh_1999_anterior-cingulate-cortex.pdf)
Awh E & Jonides J,1998,Spatial Selective Attention and Spatial Working Memory.,*The Attentive Brain* (R Parasuraman Ed.) ,[PDF]
"Hillyard SA, Vogel EK, Luck SJ",1998,Sensory gain control (amplification) as a mechanism of selective attention: Electrophysiological and neuroimaging evidence.,*Philosophical Transactions of the Royal Society: Biological Sciences* ,[PDF](/files/pdfs/hillyard_1998_sensory-gain-control.pdf)
"Jonides J, Schumacher EH, Smith EE, Koeppe RA, Awh E, Reuter-Lorenz PA, Marshuetz C, Willis CR",1998,The role of parietal cortex in verbal working memory.,*Journal of Neuroscience* ,[PDF](/files/pdfs/jonides_1998_parietal-cortex-verbal-wm.pdf)
Luck SJ & Vogel EK,1998,Visual and auditory working memory capacity: Response from Luck and Vogel.,*Trends in Cognitive Sciences* ,[PDF](/files/pdfs/luck_1998_visual-auditory-memory-capacity.pdf)
"Vogel EK, Luck SJ, Shapiro KL",1998,Electrophysiological evidence for a post-perceptual locus of suppression during the attentional blink.,*Journal of Experimental Psychology: Human Perception and Performance* ,[PDF](/files/pdfs/vogel_1998_electrophysiological-evidence-postperceptual-locus.pdf)
"Jonides J, Schumacher EH, Smith EE, Lauber E, Awh E, Minoshima S, Koeppe RA",1997,The task-load of verbal working memory affects regional brain activation as measured by PET.,*Journal of Cognitive Neuroscience* ,[Link](https://doi.org/10.1162/jocn.1997.9.4.462)
Luck SJ & Vogel EK,1997,The capacity of visual working memory for features and conjunctions.,*Nature* ,[PDF](/files/pdfs/luck_1997_capacity-features-conjuctions.pdf)
"Awh E, Jonides J, Smith EE, Schumacher EH, Koeppe RA, Katz S",1996,Dissociation of storage and rehearsal in verbal working memory: evidence from PET.,*Psychological Science* ,[PDF](/files/pdfs/awh_1996_dissociation-storage-rehearsal.pdf)
"Jonides J, Reuter-Lorenz PA, Smith EE, Awh E, Barnes LL, Drain M, Glass J, Lauber E, Patalano A, Schumacher EH",1996,Verbal and Spatial Working Memory in Humans.,"*The Psychology of Learning and Motivation*, 4 (D Medin Ed.)",[Link](http://www.sciencedirect.com/science/bookseries/00797421/35)
"Luck SJ, Vogel EK, Shapiro KL",1996,Word meanings can be accessed but not reported during the attentional blink.,*Nature* ,[PDF](/files/pdfs/luck_1996_word-meanings.pdf)
"Schumacher EH, Lauber EJ, Awh E, Jonides J, Smith EE, Koeppe RA",1996,PET evidence for an amodal verbal working memory system.,*Neuroimage* ,[PDF](/files/pdfs/schumacher_1996_PET-evidence-amodal-vwm)
"Smith EE, Jonides J, Koeppe RA, Awh E, Schumacher EH, Minoshima S",1995,Spatial vs. Object working memory: PET investigations.,*Journal of Cognitive Neuroscience* ,[Link](https://doi.org/10.1162/jocn.1995.7.3.337)
"Awh E, Smith EE, Jonides J",1995,Human rehearsal processes and the frontal lobes: PET evidence.,"*Structure and functions of the human prefrontal cortex*. (J Grafman, K Holyoak, F Boller, Eds.) Annals of the New York Academy of Sciences ",[PDF](/files/pdfs/awh_1995_huma-rehearsal-processes.pdf)
"Minoshima S, Koeppe RA, Smith EE, Awh E, Jonides J",1994,PET investigations of working memory.,*Experimental Medicine* ,
"Jonides J, Smith EE, Koeppe RA, Awh ES, Minoshima S, Mintun MA",1993,Spatial working memory in humans as revealed by PET.,*Nature* ,[PDF](/files/pdfs/jonides_1993_spatial-wm-PET.pdf)
